<?xml version="1.0" encoding="UTF-8"?>
<jcr:root xmlns:cq="http://www.day.com/jcr/cq/1.0" xmlns:jcr="http://www.jcp.org/jcr/1.0" xmlns:nt="http://www.jcp.org/jcr/nt/1.0"
    jcr:primaryType="cq:Dialog"
    title="Top Navigation (Design)"
    xtype="panel">
    <items jcr:primaryType="cq:WidgetCollection">
        <absParent
            jcr:primaryType="nt:unstructured"
            allowBlank="{Boolean}false"
            fieldLabel="Child pages depth"
            name="./pageDepth"
            xtype="numberfield"/>
        <basePath
            jcr:primaryType="nt:unstructured"
            fieldLabel="Base Path"
            name="./basePath"
            xtype="pathfield"/>
        <customPaths
            jcr:primaryType="cq:Widget"
            fieldLabel="Select nav paths1"
            name="./customPaths"
            xtype="multifield">
            <fieldConfig
                jcr:primaryType="nt:unstructured"
                xtype="devprofile">
                <items jcr:primaryType="cq:WidgetCollection">
                    <navPath
                        jcr:primaryType="cq:Widget"
                        dName="navPath"
                        fieldLabel="Navigation Path"
                        xtype="pathfield"/>
                    <imagePath
                        jcr:primaryType="cq:Widget"
                        dName="imagePath"
                        fieldLabel="Image Icon Path"
                        xtype="pathfield"/>
                </items>
            </fieldConfig>
        </customPaths>
        <absParentNumValue
            jcr:primaryType="nt:unstructured"
            ignoreData="{Boolean}true"
            name="./pageDepth@TypeHint"
            value="Decimal"
            xtype="hidden"/>
        <NavType
            jcr:primaryType="cq:Widget"
            defaultValue="topNav"
            fieldLabel="Nav Type"
            name="./navType"
            type="select"
            xtype="selection">
            <options jcr:primaryType="cq:WidgetCollection">
                <topNav
                    jcr:primaryType="nt:unstructured"
                    text="Top Nav"
                    value="topNav"/>
                <sideNav
                    jcr:primaryType="nt:unstructured"
                    text="Side Nav"
                    value="sideNav"/>
            </options>
        </NavType>
    </items>
</jcr:root>
