<?xml version="1.0" encoding="UTF-8"?>
<jcr:root xmlns:sling="http://sling.apache.org/jcr/sling/1.0" xmlns:cq="http://www.day.com/jcr/cq/1.0" xmlns:jcr="http://www.jcp.org/jcr/1.0" xmlns:nt="http://www.jcp.org/jcr/nt/1.0"
    jcr:primaryType="nt:unstructured"
    jcr:title="Top Navigation (Design)"
    sling:resourceType="cq/gui/components/authoring/dialog">
    <content
        jcr:primaryType="nt:unstructured"
        sling:resourceType="granite/ui/components/foundation/container">
        <layout
            jcr:primaryType="nt:unstructured"
            sling:resourceType="granite/ui/components/foundation/layouts/fixedcolumns"/>
        <items jcr:primaryType="nt:unstructured">
            <columns
                jcr:primaryType="nt:unstructured"
                sling:resourceType="granite/ui/components/foundation/container">
                <items jcr:primaryType="nt:unstructured">
                    <absParent
                        jcr:primaryType="nt:unstructured"
                        sling:resourceType="/libs/granite/ui/components/coral/foundation/form/numberfield"
                        allowBlank="{Boolean}false"
                        fieldLabel="Child pages depth"
                        name="./pageDepth"/>
                    <basePath
                        jcr:primaryType="nt:unstructured"
                        sling:resourceType="/libs/granite/ui/components/foundation/form/pathbrowser"
                        fieldLabel="Base Path"
                        name="./basePath"/>
                    <absParentNumValue
                        jcr:primaryType="nt:unstructured"
                        sling:resourceType="/libs/granite/ui/components/foundation/form/hidden"
                        ignoreData="{Boolean}true"
                        name="./pageDepth@TypeHint"
                        value="Decimal"/>
                    <NavType
                        jcr:primaryType="nt:unstructured"
                        sling:resourceType="granite/ui/components/foundation/form/select"
                        fieldLabel="Nav Type"
                        name="./navType"
                        value="topNav">
                        <items jcr:primaryType="nt:unstructured">
                            <topNav
                                jcr:primaryType="nt:unstructured"
                                text="Top Nav"
                                value="topNav"/>
                            <sideNav
                                jcr:primaryType="nt:unstructured"
                                text="Side Nav"
                                value="sideNav"/>
                        </items>
                    </NavType>
                    <category
                        jcr:primaryType="nt:unstructured"
                        sling:resourceType="granite/ui/components/foundation/form/multifield"
                        class="full-width"
                        fieldDescription="Click '+' to add a new page"
                        fieldLabel="Category">
                        <field
                            jcr:primaryType="nt:unstructured"
                            sling:resourceType="granite/ui/components/foundation/form/fieldset"
                            eaem-nested=""
                            name="./customPaths">
                            <layout
                                jcr:primaryType="nt:unstructured"
                                sling:resourceType="granite/ui/components/foundation/layouts/fixedcolumns"
                                method="absolute"/>
                            <items jcr:primaryType="nt:unstructured">
                                <column
                                    jcr:primaryType="nt:unstructured"
                                    sling:resourceType="granite/ui/components/foundation/container">
                                    <items jcr:primaryType="nt:unstructured">
                                        <navPath
                                            jcr:primaryType="nt:unstructured"
                                            sling:resourceType="granite/ui/components/foundation/form/pathbrowser"
                                            dName="navPath"
                                            fieldLabel="Navigation Path"/>
                                        <imagePath
                                            jcr:primaryType="nt:unstructured"
                                            sling:resourceType="granite/ui/components/foundation/form/pathbrowser"
                                            dName="imagePath"
                                            fieldLabel="Image Icon Path"/>
                                    </items>
                                </column>
                            </items>
                        </field>
                    </category>
                </items>
            </columns>
        </items>
    </content>
</jcr:root>
