<?xml version="1.0" encoding="UTF-8"?>
<jcr:root xmlns:cq="http://www.day.com/jcr/cq/1.0" xmlns:jcr="http://www.jcp.org/jcr/1.0" xmlns:nt="http://www.jcp.org/jcr/nt/1.0"
    jcr:primaryType="cq:Dialog"
    title="ascas"
    xtype="dialog">
    <items
        jcr:primaryType="cq:Widget"
        xtype="tabpanel">
        <items jcr:primaryType="cq:WidgetCollection">
            <tab1
                jcr:primaryType="cq:Panel"
                title="General">
                <items jcr:primaryType="cq:WidgetCollection">
                    <isPrintable
                        jcr:primaryType="cq:Widget"
                        fieldLabel="Should there be Print option?"
                        name="./isPrintable"
                        type="checkbox"
                        xtype="selection"/>
                </items>
            </tab1>
            <blogDetails
                jcr:primaryType="cq:Panel"
                title="Blog details">
                <items jcr:primaryType="cq:WidgetCollection">
                    <blogTitle
                        jcr:primaryType="cq:Widget"
                        fieldLabel="Blog title"
                        name="./blogTitle"
                        xtype="textfield"/>
                    <blogDate
                        jcr:primaryType="cq:Widget"
                        fieldLabel="Date"
                        name="./blogDate"
                        xtype="datefield"/>
                    <blogDesc
                        jcr:primaryType="nt:unstructured"
                        fieldLabel="Blog description"
                        name="./blogDesc"
                        xtype="richtext">
                        <rtePlugins jcr:primaryType="nt:unstructured">
                            <format
                                jcr:primaryType="nt:unstructured"
                                features="*"/>
                            <justify
                                jcr:primaryType="nt:unstructured"
                                features="*"/>
                            <lists
                                jcr:primaryType="nt:unstructured"
                                features="*"/>
                            <paraformat
                                jcr:primaryType="nt:unstructured"
                                features="*"/>
                            <links
                                jcr:primaryType="nt:unstructured"
                                features="*"/>
                            <table
                                jcr:primaryType="nt:unstructured"
                                features="[\0]">
                                <hiddenHeaderConfig
                                    jcr:primaryType="nt:unstructured"
                                    hiddenHeaderClassName="cq-wcm-foundation-aria-visuallyhidden"
                                    hiddenHeaderEditingCSS="coral-RichText-hiddenHeader--editing"/>
                            </table>
                        </rtePlugins>
                        <uiSettings jcr:primaryType="nt:unstructured">
                            <cui jcr:primaryType="nt:unstructured">
                                <inline
                                    jcr:primaryType="nt:unstructured"
                                    toolbar="[format#bold,format#italic,format#underline,#paraformat,image#imageProps,#justify,#lists,links#modifylink,links#unlink]">
                                    <popovers jcr:primaryType="nt:unstructured">
                                        <justify
                                            jcr:primaryType="nt:unstructured"
                                            items="[justify#justifyleft,justify#justifycenter,justify#justifyright]"
                                            ref="justify"/>
                                        <lists
                                            jcr:primaryType="nt:unstructured"
                                            items="[lists#unordered,lists#ordered,lists#outdent,lists#indent]"
                                            ref="lists"/>
                                        <paraformat
                                            jcr:primaryType="nt:unstructured"
                                            items="paraformat:getFormats:paraformat-pulldown"
                                            ref="paraformat"/>
                                    </popovers>
                                </inline>
                            </cui>
                        </uiSettings>
                    </blogDesc>
                </items>
            </blogDetails>
            <teaser
                jcr:primaryType="cq:Panel"
                title="Teaser">
                <items jcr:primaryType="cq:WidgetCollection">
                    <title
                        jcr:primaryType="cq:Widget"
                        fieldLabel="Teaser Title"
                        name="./teaserTitle"
                        xtype="textfield"/>
                    <shortDescription
                        jcr:primaryType="cq:Widget"
                        fieldLabel="Teaser Short Description"
                        name="./teaserDesc"
                        xtype="textarea"/>
                    <teaserWordLimit
                        jcr:primaryType="cq:Widget"
                        fieldLabel="No. of alphabets allowed in teaser description"
                        name="./maxLimit"
                        xtype="numberfield"/>
                    <image
                        jcr:primaryType="cq:Widget"
                        border="true"
                        cropParameter="./image/imageCrop"
                        ddGroups="[media]"
                        fieldLabel="Teaser thumbnail image"
                        fileNameParameter="./image/fileName"
                        fileReferenceParameter="./image/fileReference"
                        height="200"
                        hideLabel="false"
                        mapParameter="./image/imageMap"
                        name="./image/file"
                        requestSuffix="/image.img.png"
                        rotateParameter="./image/imageRotate"
                        sizeLimit="100"
                        xtype="html5smartimage"/>
                </items>
            </teaser>
        </items>
    </items>
</jcr:root>
