<?xml version="1.0" encoding="UTF-8"?>
<jcr:root xmlns:sling="http://sling.apache.org/jcr/sling/1.0" xmlns:cq="http://www.day.com/jcr/cq/1.0" xmlns:jcr="http://www.jcp.org/jcr/1.0" xmlns:nt="http://www.jcp.org/jcr/nt/1.0"
    jcr:primaryType="nt:unstructured"
    jcr:title="News Scroller"
    sling:resourceType="cq/gui/components/authoring/dialog"
    helpPath="https://www.adobe.com/go/aem6_2_docs_component_en#Carousel">
    <content
        jcr:primaryType="nt:unstructured"
        sling:resourceType="granite/ui/components/foundation/container">
        <layout
            jcr:primaryType="nt:unstructured"
            sling:resourceType="granite/ui/components/foundation/layouts/tabs"
            type="nav"/>
        <items
            jcr:primaryType="nt:unstructured"
            sling:hideChildren="[column]">
            <list
                jcr:primaryType="nt:unstructured"
                jcr:title="Input Method"
                sling:resourceType="granite/ui/components/foundation/section">
                <layout
                    jcr:primaryType="nt:unstructured"
                    sling:resourceType="granite/ui/components/foundation/layouts/fixedcolumns"
                    margin="{Boolean}false"/>
                <items jcr:primaryType="nt:unstructured">
                    <column
                        jcr:primaryType="nt:unstructured"
                        sling:resourceType="granite/ui/components/foundation/container">
                        <items jcr:primaryType="nt:unstructured">
                            <method
                                jcr:primaryType="nt:unstructured"
                                sling:resourceType="granite/ui/components/foundation/form/select"
                                class="cq-dialog-dropdown-showhide"
                                cq-dialog-dropdown-showhide-target=".carousel-option-listfrom-showhide-target"
                                fieldLabel="Method to provide news details"
                                name="./select"
                                text="Select Method">
                                <items jcr:primaryType="nt:unstructured">
                                    <manualinput
                                        jcr:primaryType="nt:unstructured"
                                        text="Manual Input"
                                        value="manualinput"/>
                                    <automatedinput
                                        jcr:primaryType="nt:unstructured"
                                        text="Automated Input"
                                        value="automatedinput"/>
                                </items>
                            </method>
                            <manualinput
                                jcr:primaryType="nt:unstructured"
                                sling:resourceType="granite/ui/components/foundation/container"
                                class="carousel-option-listfrom-showhide-target foundation-layout-util-vmargin"
                                showhidetargetvalue="manualinput">
                                <items jcr:primaryType="nt:unstructured">
                                    <heading
                                        jcr:primaryType="nt:unstructured"
                                        sling:resourceType="granite/ui/components/foundation/heading"
                                        class="coral-Heading coral-Heading--4"
                                        level="{Long}4"
                                        text="Manual Input of Details"/>
                                    <well
                                        jcr:primaryType="nt:unstructured"
                                        sling:resourceType="granite/ui/components/foundation/container">
                                        <layout
                                            jcr:primaryType="nt:unstructured"
                                            sling:resourceType="granite/ui/components/foundation/layouts/well"/>
                                        <items jcr:primaryType="nt:unstructured">
                                            <category
                                                jcr:primaryType="nt:unstructured"
                                                sling:resourceType="granite/ui/components/foundation/form/multifield"
                                                class="full-width"
                                                fieldDescription="Click '+' to add a new page"
                                                fieldLabel="Input">
                                                <field
                                                    jcr:primaryType="nt:unstructured"
                                                    sling:resourceType="granite/ui/components/foundation/form/fieldset"
                                                    eaem-nested=""
                                                    name="./contentMap">
                                                    <layout
                                                        jcr:primaryType="nt:unstructured"
                                                        sling:resourceType="granite/ui/components/foundation/layouts/fixedcolumns"
                                                        method="absolute"/>
                                                    <items jcr:primaryType="nt:unstructured">
                                                        <column
                                                            jcr:primaryType="nt:unstructured"
                                                            sling:resourceType="granite/ui/components/foundation/container">
                                                            <items jcr:primaryType="nt:unstructured">
                                                                <heading
                                                                    jcr:primaryType="nt:unstructured"
                                                                    sling:resourceType="granite/ui/components/foundation/form/textfield"
                                                                    fieldDescription="Enter Heading"
                                                                    fieldLabel="Heading"
                                                                    name="./headline"/>
                                                                <description
                                                                    jcr:primaryType="nt:unstructured"
                                                                    sling:resourceType="granite/ui/components/foundation/form/textfield"
                                                                    fieldDescription="Enter Description"
                                                                    fieldLabel="Description"
                                                                    name="./description"/>
                                                                <details
                                                                    jcr:primaryType="nt:unstructured"
                                                                    sling:resourceType="granite/ui/components/foundation/form/pathbrowser"
                                                                    fieldDescription="Select news path"
                                                                    fieldLabel="Choose the news you want to display"
																	rootPath="/content/cwr-framework"
                                                                    name="./news"/>
                                                                <image
                                                                    jcr:primaryType="nt:unstructured"
                                                                    sling:resourceType="granite/ui/components/foundation/form/pathbrowser"
                                                                    fieldDescription="Select image from dam"
                                                                    fieldLabel="Thumbnail you want to display"
																	rootPath="/content/dam/cwr-framework"
                                                                    name="./imgfile"/>
                                                            </items>
                                                        </column>
                                                    </items>
                                                </field>
                                            </category>
                                        </items>
                                    </well>
                                </items>
                            </manualinput>
                            <automatedinput
                                jcr:primaryType="nt:unstructured"
                                sling:resourceType="granite/ui/components/foundation/container"
                                class="hide carousel-option-listfrom-showhide-target foundation-layout-util-vmargin"
                                showhidetargetvalue="automatedinput">
                                <items jcr:primaryType="nt:unstructured">
                                    <heading
                                        jcr:primaryType="nt:unstructured"
                                        sling:resourceType="granite/ui/components/foundation/heading"
                                        class="coral-Heading coral-Heading--4"
                                        level="{Long}4"
                                        text="Automated Input of Details"/>
                                    <well
                                        jcr:primaryType="nt:unstructured"
                                        sling:resourceType="granite/ui/components/foundation/container">
                                        <layout
                                            jcr:primaryType="nt:unstructured"
                                            sling:resourceType="granite/ui/components/foundation/layouts/well"/>
                                        <items jcr:primaryType="nt:unstructured">
                                            <category
                                                jcr:primaryType="nt:unstructured"
                                                sling:resourceType="granite/ui/components/foundation/form/multifield"
                                                class="full-width"
                                                fieldDescription="Click '+' to add a new page"
                                                fieldLabel="Input">
                                                <field
                                                    jcr:primaryType="nt:unstructured"
                                                    sling:resourceType="granite/ui/components/foundation/form/fieldset"
                                                    eaem-nested=""
                                                    name="./autocontentMap">
                                                    <layout
                                                        jcr:primaryType="nt:unstructured"
                                                        sling:resourceType="granite/ui/components/foundation/layouts/fixedcolumns"
                                                        method="absolute"/>
                                                    <items jcr:primaryType="nt:unstructured">
                                                        <column
                                                            jcr:primaryType="nt:unstructured"
                                                            sling:resourceType="granite/ui/components/foundation/container">
                                                            <items jcr:primaryType="nt:unstructured">
                                                                <details
                                                                    jcr:primaryType="nt:unstructured"
                                                                    sling:resourceType="granite/ui/components/foundation/form/pathbrowser"
                                                                    fieldDescription="Select news path"
                                                                    fieldLabel="Choose the news you want to display"
																	rootPath="/content/cwr-framework"
                                                                    name="./autonews"/>
                                                            </items>
                                                        </column>
                                                    </items>
                                                </field>
                                            </category>
                                        </items>
                                    </well>
                                </items>
                            </automatedinput>
                        </items>
                    </column>
                </items>
            </list>
        </items>
    </content>
</jcr:root>
