<?xml version="1.0" encoding="UTF-8"?>
<jcr:root xmlns:sling="http://sling.apache.org/jcr/sling/1.0" xmlns:cq="http://www.day.com/jcr/cq/1.0" xmlns:jcr="http://www.jcp.org/jcr/1.0" xmlns:nt="http://www.jcp.org/jcr/nt/1.0"
    jcr:primaryType="nt:unstructured"
    jcr:title="Select"
    sling:resourceType="cq/gui/components/authoring/dialog"
    helpPath="https://www.adobe.com/go/aem6_2_docs_component_en#List">
    <content
        jcr:primaryType="nt:unstructured"
        sling:resourceType="granite/ui/components/foundation/container">
        <layout
            jcr:primaryType="nt:unstructured"
            sling:resourceType="granite/ui/components/foundation/layouts/fixedcolumns"
            margin="{Boolean}false"/>
        <items jcr:primaryType="nt:unstructured">
            <column
                jcr:primaryType="nt:unstructured"
                sling:resourceType="granite/ui/components/foundation/container">
                <items jcr:primaryType="nt:unstructured">
                    <selectFrom
                        jcr:primaryType="nt:unstructured"
                        sling:resourceType="granite/ui/components/foundation/form/select"
                        class="cq-dialog-dropdown-showhide"
                        cq-dialog-dropdown-showhide-target=".list-option-listfrom-showhide-target"
                        fieldLabel="Choose mode"
                        name="./mode">
                        <items jcr:primaryType="nt:unstructured">
                            <image
                                jcr:primaryType="nt:unstructured"
                                text="Image"
                                value="image"/>
                            <advanced
                                jcr:primaryType="nt:unstructured"
                                text="Advanced"
                                value="advanced"/>
                        </items>
                    </selectFrom>
                    <columnStructure
                        jcr:primaryType="nt:unstructured"
                        sling:resourceType="granite/ui/components/foundation/form/select"
                        fieldLabel="Image Per Row"
                        name="./imgPerRow">
                        <items jcr:primaryType="nt:unstructured">
                            <three
                                jcr:primaryType="nt:unstructured"
                                text="Three"
                                value="col-md-4"/>
                            <four
                                jcr:primaryType="nt:unstructured"
                                text="Four"
                                value="col-md-3"/>
                            <six
                                jcr:primaryType="nt:unstructured"
                                text="Six"
                                value="col-md-2"/>
                        </items>
                    </columnStructure>
                    <setImage
                        jcr:primaryType="nt:unstructured"
                        jcr:title="General"
                        sling:resourceType="granite/ui/components/foundation/container"
                        class="hide list-option-listfrom-showhide-target foundation-layout-util-vmargin"
                        showhidetargetvalue="image">
                        <layout
                            jcr:primaryType="nt:unstructured"
                            sling:resourceType="granite/ui/components/foundation/layouts/fixedcolumns"/>
                        <items jcr:primaryType="nt:unstructured">
                            <heading
                                jcr:primaryType="nt:unstructured"
                                sling:resourceType="granite/ui/components/foundation/heading"
                                class="coral-Heading coral-Heading--4"
                                level="{Long}4"
                                text="Add image path"/>
                            <well
                                jcr:primaryType="nt:unstructured"
                                sling:resourceType="granite/ui/components/foundation/container">
                                <layout
                                    jcr:primaryType="nt:unstructured"
                                    sling:resourceType="granite/ui/components/foundation/layouts/well"/>
                                <items jcr:primaryType="nt:unstructured">
                                    <images
                                        jcr:primaryType="nt:unstructured"
                                        sling:resourceType="granite/ui/components/foundation/form/multifield"
                                        fieldDescription="Click the '+' to add a new page"
                                        fieldLabel="Pages">
                                        <field
                                            jcr:primaryType="nt:unstructured"
                                            sling:resourceType="granite/ui/components/foundation/form/pathbrowser"
                                            name="./images"/>
                                    </images>
                                </items>
                            </well>
                        </items>
                    </setImage>
                    <setAdvanced
                        jcr:primaryType="nt:unstructured"
                        jcr:title="Advanced"
                        sling:resourceType="granite/ui/components/foundation/container"
                        class="hide list-option-listfrom-showhide-target foundation-layout-util-vmargin"
                        showhidetargetvalue="advanced">
                        <layout
                            jcr:primaryType="nt:unstructured"
                            sling:resourceType="granite/ui/components/foundation/layouts/fixedcolumns"/>
                        <items jcr:primaryType="nt:unstructured">
                            <heading
                                jcr:primaryType="nt:unstructured"
                                sling:resourceType="granite/ui/components/foundation/heading"
                                class="coral-Heading coral-Heading--4"
                                level="{Long}4"
                                text="Add folder path"/>
                            <well
                                jcr:primaryType="nt:unstructured"
                                sling:resourceType="granite/ui/components/foundation/container">
                                <layout
                                    jcr:primaryType="nt:unstructured"
                                    sling:resourceType="granite/ui/components/foundation/layouts/well"/>
                                <items jcr:primaryType="nt:unstructured">
                                    <imagefolder
                                        jcr:primaryType="nt:unstructured"
                                        sling:resourceType="granite/ui/components/foundation/form/multifield"
                                        fieldDescription="Click the '+' to add a new page"
                                        fieldLabel="Pages">
                                        <field
                                            jcr:primaryType="nt:unstructured"
                                            sling:resourceType="granite/ui/components/foundation/form/pathbrowser"
                                            name="./imagefolder"/>
                                    </imagefolder>
                                </items>
                            </well>
                        </items>
                    </setAdvanced>
                </items>
            </column>
        </items>
    </content>
</jcr:root>
